{
  "providers": {
    "awscloudformation": {
      "AuthRoleName": "amplify-boyaki-dev-235822-authRole",
      "UnauthRoleArn": "arn:aws:iam::564134680372:role/amplify-boyaki-dev-235822-unauthRole",
      "AuthRoleArn": "arn:aws:iam::564134680372:role/amplify-boyaki-dev-235822-authRole",
      "Region": "ap-northeast-1",
      "DeploymentBucketName": "amplify-boyaki-dev-235822-deployment",
      "UnauthRoleName": "amplify-boyaki-dev-235822-unauthRole",
      "StackName": "amplify-boyaki-dev-235822",
      "StackId": "arn:aws:cloudformation:ap-northeast-1:564134680372:stack/amplify-boyaki-dev-235822/d9d7f630-21d2-11eb-9e59-062fb4db062e",
      "AmplifyAppId": "d30fz99k0iqiun"
    }
  },
  "auth": {
    "boyaki39c7f4de": {
      "service": "Cognito",
      "providerPlugin": "awscloudformation",
      "dependsOn": [],
      "customAuth": false,
      "providerMetadata": {
        "s3TemplateURL": "https://s3.amazonaws.com/amplify-boyaki-dev-235822-deployment/amplify-cfn-templates/auth/boyaki39c7f4de-cloudformation-template.yml",
        "logicalId": "authboyaki39c7f4de"
      },
      "lastPushTimeStamp": "2020-11-15T15:30:08.890Z",
      "output": {
        "AppClientSecret": "v1e45ppthgo53h30n2egl0aamd691sipa3omacohpc19sivj1m0",
        "UserPoolId": "ap-northeast-1_09rYpw0Qd",
        "AppClientIDWeb": "7pdd4e26hvv0dcqfk5hijco91m",
        "AppClientID": "1jj3cudtkpimullal431dl1bj3",
        "IdentityPoolId": "ap-northeast-1:536ee6f8-498c-4069-b692-cf4d8c7ca1d3",
        "IdentityPoolName": "boyaki39c7f4de_identitypool_39c7f4de__dev",
        "UserPoolName": "boyaki39c7f4de_userpool_39c7f4de"
      },
      "lastPushDirHash": "zJUmAW73nI0Sf1aEv1nQ9RMarpk="
    }
  },
  "api": {
    "BoyakiGql": {
      "service": "AppSync",
      "providerPlugin": "awscloudformation",
      "output": {
        "authConfig": {
          "defaultAuthentication": {
            "authenticationType": "AMAZON_COGNITO_USER_POOLS",
            "userPoolConfig": {
              "userPoolId": "authboyaki39c7f4de"
            }
          },
          "additionalAuthenticationProviders": [
            {
              "authenticationType": "AWS_IAM"
            }
          ]
        },
        "GraphQLAPIIdOutput": "rbqbtvuk6ngtbi7evtutehr4qy",
        "GraphQLAPIEndpointOutput": "https://7hx6jyuqcjckldaynkhrxqpppe.appsync-api.ap-northeast-1.amazonaws.com/graphql"
      },
      "providerMetadata": {
        "s3TemplateURL": "https://s3.amazonaws.com/amplify-boyaki-dev-235822-deployment/amplify-cfn-templates/api/cloudformation-template.json",
        "logicalId": "apiBoyakiGql"
      },
      "lastPushTimeStamp": "2020-11-15T15:30:08.896Z",
      "lastPushDirHash": "YENyvG1tuZzeq/hSmU84Xq5vSpI="
    }
  },
  "hosting": {
    "amplifyhosting": {
      "service": "amplifyhosting",
      "providerPlugin": "awscloudformation",
      "type": "manual",
      "providerMetadata": {
        "s3TemplateURL": "https://s3.amazonaws.com/amplify-boyaki-dev-235822-deployment/amplify-cfn-templates/hosting/amplifyhosting-template.json",
        "logicalId": "hostingamplifyhosting"
      },
      "lastPushTimeStamp": "2020-11-15T15:30:08.904Z",
      "output": {},
      "lastPushDirHash": "/+VZ33seFFqAr6wbtptwbINUfSA="
    }
  },
  "function": {
    "createPostAndTimeline": {
      "build": true,
      "providerPlugin": "awscloudformation",
      "service": "Lambda",
      "dependsOn": [
        {
          "category": "api",
          "resourceName": "BoyakiGql",
          "attributes": [
            "GraphQLAPIIdOutput",
            "GraphQLAPIEndpointOutput"
          ]
        }
      ],
      "lastBuildTimeStamp": "2020-11-15T15:28:27.390Z",
      "lastPackageTimeStamp": "2020-11-15T15:28:34.248Z",
      "distZipFilename": "createPostAndTimeline-63483558575677426633-build.zip",
      "providerMetadata": {
        "s3TemplateURL": "https://s3.amazonaws.com/amplify-boyaki-dev-235822-deployment/amplify-cfn-templates/function/createPostAndTimeline-cloudformation-template.json",
        "logicalId": "functioncreatePostAndTimeline"
      },
      "lastPushTimeStamp": "2020-11-15T15:30:08.915Z",
      "output": {
        "Region": "ap-northeast-1",
        "Arn": "arn:aws:lambda:ap-northeast-1:564134680372:function:createPostAndTimeline-dev",
        "Name": "createPostAndTimeline-dev",
        "LambdaExecutionRole": "boyakiLambdaRole5904f05f-dev"
      },
      "lastPushDirHash": "vBEwjuosUjjgKGpINWSwTom5CCQ="
    }
  }
}